City,Value
Shanghai,0.68940994
Guangdong,0.706419882
Hainan,0.011187714
Guangxi,0.042122915
Tianjin,0.204336375
Hebei,0.066381688
Liaoning,0.147117635
JIangsu,0.30123927
Zhejiang,0.127147652
Fujian,0.203055291
Shandong,0.366828242
